is_dark,crashes,severe_rate
Day,5357799,19.700645731577463
Night,2370595,18.920397621694132
