rush_hour,crashes,severe_rate
Non-rush,4878471,18.341176979426546
Rush,2849923,21.378753039994415
